"Service Request Description","Department","Method Received","Created Date","Block/Address","Street","Ward","Sub-Type"
"Pothole","Contracts, Field Services & Maintenance","E-Mail","JAN 16, 2020 02:17:55 PM"," ","UNIVERSITY AVE W & RANKIN AVE","WARD 2"," "
"Pothole","Contracts, Field Services & Maintenance","Phone","FEB 06, 2020 04:48:58 PM"," ","LAUZON PKY & TECUMSEH RD E","WARD 8"," "
"Pothole","Contracts, Field Services & Maintenance","E-Mail","FEB 12, 2020 02:28:30 PM"," ","SANDWICH ST & BROCK ST","WARD 2"," "
"Pothole","Contracts, Field Services & Maintenance","Phone","FEB 13, 2020 02:03:49 PM"," ","TECUMSEH RD E & WESTCOTT RD","WARD 5"," "
"Pothole","Contracts, Field Services & Maintenance","Phone","APR 24, 2020 11:45:58 AM"," ","BEVERLY GLEN ST & PEABODY AVE","WARD 7"," "
"Pothole","Contracts, Field Services & Maintenance","Phone","APR 24, 2020 12:55:20 PM","2##","STRABANE","WARD 5"," "
"Pothole","Contracts, Field Services & Maintenance","Phone","APR 24, 2020 02:15:51 PM","39##","BYNG","WARD 9"," "
"Pothole","Contracts, Field Services & Maintenance","Web Intake","APR 25, 2020 01:07:41 PM"," "," ","WARD 10"," "
"Pothole","Contracts, Field Services & Maintenance","Web Intake","MAR 12, 2020 09:59:07 PM"," "," ","WARD 10"," "
"Pothole","Contracts, Field Services & Maintenance","Phone","MAR 13, 2020 12:21:58 PM","19##","BERNARD","WARD 5"," "
"Pothole","Contracts, Field Services & Maintenance","Phone","MAR 11, 2020 02:40:08 PM","31##","MULBERRY","WARD 7"," "
"Pothole","Contracts, Field Services & Maintenance","Phone","MAR 12, 2020 02:03:12 PM"," ","OLIVE RD & EMPRESS ST","WARD 8"," "
"Pothole","Contracts, Field Services & Maintenance","Phone","MAR 12, 2020 10:16:03 AM","17##","CENTRAL","WARD 5"," "
"Pothole","Contracts, Field Services & Maintenance","Phone","JAN 16, 2020 09:25:07 AM","11##","CABANA","WARD 1"," "
"Pothole","Contracts, Field Services & Maintenance","Phone","JAN 16, 2020 11:50:27 AM"," ","LITTLE RIVER BLVD & CLOVER AVE","WARD 7"," "
"Pothole","Contracts, Field Services & Maintenance","Web Intake","JAN 16, 2020 01:12:07 PM"," "," ","WARD 10"," "
"Pothole","Contracts, Field Services & Maintenance","Phone","MAR 31, 2020 09:20:20 AM","3##","TUSCARORA","WARD 3"," "
"Pothole","Contracts, Field Services & Maintenance","Phone","MAR 31, 2020 11:50:08 AM","69##","CANTELON","WARD 8"," "
"Pothole","Contracts, Field Services & Maintenance","Phone","MAR 31, 2020 11:50:12 AM"," ","ST MARY'S BLVD & WYANDOTTE ST E","WARD 6"," "
"Pothole","Contracts, Field Services & Maintenance","Phone","MAR 31, 2020 12:46:24 PM"," ","LINCOLN RD & ONTARIO ST","WARD 4"," "
"Pothole","Contracts, Field Services & Maintenance","Web Intake","MAR 24, 2020 10:27:31 AM"," "," "," "," "
"Pothole","Contracts, Field Services & Maintenance","Phone","MAR 25, 2020 10:54:25 AM","15##","SOUTH PACIFIC","WARD 10"," "
"Pothole","Contracts, Field Services & Maintenance","Phone","APR 01, 2020 08:35:34 AM"," ","SYDNEY AVE & DIVISION RD","WARD 9"," "
"Pothole","Contracts, Field Services & Maintenance","Phone","MAR 30, 2020 08:54:49 AM","13##","JOSEPHINE","WARD 2"," "
"Pothole","Contracts, Field Services & Maintenance","Phone","MAR 05, 2020 08:33:05 AM"," ","HANNA ST E & MERCER ST","WARD 3"," "
"Pothole","Contracts, Field Services & Maintenance","Web Intake","MAR 05, 2020 11:55:41 AM"," "," ","WARD 5"," "
"Pothole","Contracts, Field Services & Maintenance","Phone","MAR 05, 2020 01:12:28 PM"," ","CAPITOL ST & LILLIAN AVE","WARD 10"," "
"Pothole","Contracts, Field Services & Maintenance","Phone","MAR 05, 2020 02:47:50 PM","14##","EVERTS","WARD 10"," "
"Pothole","Contracts, Field Services & Maintenance","E-Mail","MAR 06, 2020 09:58:17 AM"," ","DONNELLY ST & HURON CHURCH RD","WARD 2"," "
"Pothole","Contracts, Field Services & Maintenance","Phone","MAR 06, 2020 11:44:53 AM"," ","DOMINION BLVD & MCKAY AVE","WARD 1"," "
"Pothole","Contracts, Field Services & Maintenance","Phone","MAR 06, 2020 03:02:26 PM"," ","ROSE ST & JEFFERSON BLVD","WARD 8"," "
"Pothole","Contracts, Field Services & Maintenance","Phone","MAR 19, 2020 04:11:07 PM","14##","BRUCE","WARD 3"," "
"Pothole","Contracts, Field Services & Maintenance","Phone","MAR 20, 2020 01:27:56 PM"," ","DOUGALL AVE & CABANA RD W","WARD 9"," "
"Pothole","Contracts, Field Services & Maintenance","Phone","MAR 20, 2020 01:50:24 PM","3##","CHAPPELL","WARD 2"," "
"Pothole","Contracts, Field Services & Maintenance","Web Intake","MAR 20, 2020 04:45:51 PM"," "," ","WARD 5"," "
"Pothole","Contracts, Field Services & Maintenance","Phone","MAR 16, 2020 02:37:19 PM"," ","DOMINION BLVD & EC ROW EXPY E","WARD 10"," "
"Pothole","Contracts, Field Services & Maintenance","Phone","MAR 18, 2020 10:49:16 AM"," ","BANWELL RD & MULBERRY DR","WARD 7"," "
"Pothole","Contracts, Field Services & Maintenance","Web Intake","MAR 18, 2020 11:08:00 AM"," "," ","WARD 5"," "
"Pothole","Contracts, Field Services & Maintenance","Phone","MAR 20, 2020 08:30:30 AM","48##","8TH CON","WARD 9"," "
"Pothole","Contracts, Field Services & Maintenance","Text","MAR 20, 2020 10:37:40 AM","9444##","EC ROW ON","WARD 10"," "
"Pothole","Contracts, Field Services & Maintenance","Text","MAR 20, 2020 10:40:50 AM","18##","PROVINCIAL","WARD 9"," "
"Pothole","Contracts, Field Services & Maintenance","Phone","MAR 24, 2020 11:50:51 AM","18##","HICKORY","WARD 5"," "
"Pothole","Contracts, Field Services & Maintenance","Web Intake","MAR 20, 2020 04:47:31 PM"," "," "," "," "
"Pothole","Contracts, Field Services & Maintenance","Phone","MAY 13, 2020 02:37:31 PM","56##","RIVERSIDE","WARD 6"," "
"Pothole","Contracts, Field Services & Maintenance","Phone","JAN 13, 2020 04:29:36 PM","56##","OJIBWAY","WARD 1"," "
"Pothole","Contracts, Field Services & Maintenance","Phone","JAN 31, 2020 08:46:16 AM"," ","YORK ST & HANNA ST W","WARD 3"," "
"Pothole","Contracts, Field Services & Maintenance","Phone","JAN 31, 2020 09:04:08 AM","3##","TUSCARORA","WARD 3"," "
"Pothole","Contracts, Field Services & Maintenance","Phone","JAN 31, 2020 11:06:14 AM","3##","RIVERSIDE","WARD 3"," "
"Pothole","Contracts, Field Services & Maintenance","Phone","JAN 31, 2020 12:45:21 PM","6##","CAPITOL","WARD 10"," "
"Pothole","Contracts, Field Services & Maintenance","Phone","JAN 31, 2020 01:17:45 PM","4##","LINCOLN","WARD 4"," "
"Pothole","Contracts, Field Services & Maintenance","Phone","JAN 31, 2020 01:19:02 PM","2##","HILL","WARD 2"," "
"Pothole","Contracts, Field Services & Maintenance","Web Intake","FEB 01, 2020 09:39:33 AM"," "," ","WARD 10"," "
"Pothole","Contracts, Field Services & Maintenance","Web Intake","FEB 01, 2020 09:40:52 AM"," "," ","WARD 10"," "
"Pothole","Contracts, Field Services & Maintenance","Web Intake","MAR 07, 2020 04:05:14 AM"," "," ","WARD 1"," "
"Pothole","Contracts, Field Services & Maintenance","Phone","MAR 09, 2020 10:21:07 AM","9222##","EC ROW OFF","WARD 10"," "
"Pothole","Contracts, Field Services & Maintenance","E-Mail","MAR 09, 2020 01:43:18 PM"," ","OUELLETTE AVE & TECUMSEH RD E","WARD 3"," "
"Pothole","Contracts, Field Services & Maintenance","Web Intake","MAR 09, 2020 06:57:43 PM"," "," ","WARD 10"," "
"Pothole","Contracts, Field Services & Maintenance","Phone","MAR 27, 2020 10:37:27 AM"," ","ONTARIO ST & ST LUKE RD","WARD 5"," "
"Pothole","Contracts, Field Services & Maintenance","Web Intake","FEB 19, 2020 06:56:55 PM"," "," ","WARD 10"," "
"Pothole","Contracts, Field Services & Maintenance","Web Intake","FEB 19, 2020 06:58:21 PM"," "," ","WARD 10"," "
"Pothole","Contracts, Field Services & Maintenance","E-Mail","JAN 14, 2020 09:25:02 AM","17##","CADILLAC","WARD 5"," "
"Pothole","Contracts, Field Services & Maintenance","Phone","JAN 14, 2020 12:16:09 PM"," ","MEIGHEN RD & YPRES AVE","WARD 5"," "
"Pothole","Contracts, Field Services & Maintenance","Phone","JAN 14, 2020 12:23:04 PM","2##","JOSEPHINE","WARD 2"," "
"Pothole","Contracts, Field Services & Maintenance","E-Mail","JAN 14, 2020 03:22:10 PM"," ","TECUMSEH RD E & BANWELL RD","WARD 7"," "
"Pothole","Contracts, Field Services & Maintenance","Phone","JAN 14, 2020 04:42:35 PM","38##","REGINALD","WARD 5"," "
"Pothole","Contracts, Field Services & Maintenance","Phone","JAN 15, 2020 09:13:10 AM"," ","LITTLE RIVER BLVD & CLOVER AVE","WARD 7"," "
"Pothole","Contracts, Field Services & Maintenance","Phone","JAN 15, 2020 11:07:33 AM","35##","AVONDALE","WARD 1"," "
"Pothole","Contracts, Field Services & Maintenance","Phone","JAN 15, 2020 11:32:34 AM"," ","ACADEMY DR & NORFOLK ST","WARD 1"," "
"Pothole","Contracts, Field Services & Maintenance","E-Mail","JAN 15, 2020 11:51:20 AM","4##","SOUTH","WARD 2"," "
"Pothole","Contracts, Field Services & Maintenance","E-Mail","JAN 15, 2020 11:51:42 AM"," ","MILL ST & SANDWICH ST","WARD 2"," "
"Pothole","Contracts, Field Services & Maintenance","E-Mail","JAN 15, 2020 12:15:31 PM","32##","SANDWICH","WARD 2"," "
"Pothole","Contracts, Field Services & Maintenance","E-Mail","JAN 15, 2020 02:00:58 PM"," ","CARMICHAEL RD & PRINCE RD","WARD 2"," "
"Pothole","Contracts, Field Services & Maintenance","Web Intake","JAN 27, 2020 03:48:53 PM"," "," ","WARD 10"," "
"Pothole","Contracts, Field Services & Maintenance","Phone","JAN 28, 2020 09:52:52 AM","17##","CENTRAL","WARD 5"," "
"Pothole","Contracts, Field Services & Maintenance","Phone","JAN 28, 2020 10:17:06 AM","15##","CENTRAL","WARD 5"," "
"Pothole","Contracts, Field Services & Maintenance","Phone","JAN 28, 2020 01:45:52 PM"," ","CENTRAL AVE & SEMINOLE ST","WARD 5"," "
"Pothole","Contracts, Field Services & Maintenance","Phone","JAN 29, 2020 08:53:35 AM"," ","CENTRAL AVE & GUY ST","WARD 5"," "
"Pothole","Contracts, Field Services & Maintenance","Phone","JAN 29, 2020 02:25:11 PM"," ","OTTAWA ST & WALKER RD","WARD 4"," "
"Pothole","Contracts, Field Services & Maintenance","Phone","JAN 29, 2020 03:32:03 PM"," ","HOLBURN ST & SIXTH CONCESSION RD","WARD 9"," "
"Pothole","Contracts, Field Services & Maintenance","Phone","JAN 29, 2020 03:53:46 PM"," ","EMPRESS ST & FERNDALE AVE","WARD 8"," "
"Pothole","Contracts, Field Services & Maintenance","Phone","JAN 29, 2020 04:02:49 PM"," ","GRAND MARAIS RD E & BERNARD RD","WARD 5"," "
"Pothole","Contracts, Field Services & Maintenance","Web Intake","MAR 10, 2020 12:59:03 PM"," "," "," "," "
"Pothole","Contracts, Field Services & Maintenance","Phone","MAR 06, 2020 10:20:12 AM","14##","EVERTS","WARD 10"," "
"Pothole","Contracts, Field Services & Maintenance","Phone","MAR 09, 2020 03:59:45 PM"," ","CHANDLER RD & ST JULIEN AVE","WARD 5"," "
"Pothole","Contracts, Field Services & Maintenance","Phone","MAR 10, 2020 11:09:44 AM"," ","ST JULIEN AVE & CHANDLER RD","WARD 5"," "
"Pothole","Contracts, Field Services & Maintenance","Phone","APR 09, 2020 01:20:54 PM"," ","DOMINION BLVD & EC ROW OFF RAMP W","WARD 10"," "
"Pothole","Contracts, Field Services & Maintenance","Phone","APR 20, 2020 03:43:57 PM","22##","CHILVER","WARD 4"," "
"Pothole","Contracts, Field Services & Maintenance","Phone","APR 21, 2020 01:05:28 PM"," ","MOXLAY AVE & WOODWARD BLVD","WARD 9"," "
"Pothole","Contracts, Field Services & Maintenance","Phone","APR 09, 2020 02:37:21 PM","9888##","EC ROW ON","WARD 10"," "
"Pothole","Contracts, Field Services & Maintenance","Phone","APR 24, 2020 02:17:59 PM","44##","HOWARD","WARD 1"," "
"Pothole","Contracts, Field Services & Maintenance","Phone","APR 27, 2020 03:39:49 PM"," ","HOWARD AVE & NORTH TALBOT RD","WARD 1"," "
"Pothole","Contracts, Field Services & Maintenance","Web Intake","FEB 19, 2020 06:59:37 PM"," "," ","WARD 10"," "
"Pothole","Contracts, Field Services & Maintenance","Phone","FEB 25, 2020 10:26:07 AM","30##","MORRIS","WARD 1"," "
"Pothole","Contracts, Field Services & Maintenance","Web Intake","FEB 25, 2020 01:51:01 PM"," "," ","WARD 10"," "
"Pothole","Contracts, Field Services & Maintenance","Web Intake","FEB 25, 2020 01:51:52 PM"," "," ","WARD 10"," "
"Pothole","Contracts, Field Services & Maintenance","Web Intake","FEB 25, 2020 01:52:59 PM"," "," ","WARD 10"," "
"Pothole","Contracts, Field Services & Maintenance","Web Intake","FEB 25, 2020 01:53:40 PM"," "," ","WARD 10"," "
"Pothole","Contracts, Field Services & Maintenance","Phone","FEB 27, 2020 11:59:42 AM","21##","HURON CHURCH","WARD 10"," "
"Pothole","Contracts, Field Services & Maintenance","Phone","MAR 04, 2020 10:10:01 AM","17##","ROONEY","WARD 2"," "
"Pothole","Contracts, Field Services & Maintenance","Web Intake","MAR 04, 2020 05:50:17 PM"," "," ","WARD 2"," "
"Pothole","Contracts, Field Services & Maintenance","Web Intake","MAR 05, 2020 12:04:10 PM"," "," ","WARD 10"," "
"Pothole","Contracts, Field Services & Maintenance","Web Intake","MAR 05, 2020 02:07:31 PM"," "," ","WARD 1"," "
"Pothole","Contracts, Field Services & Maintenance","Phone","MAR 05, 2020 02:11:40 PM"," ","GIRARDOT ST & DOT AVE","WARD 2"," "
"Pothole","Contracts, Field Services & Maintenance","Phone","MAR 09, 2020 08:43:14 AM","9##","VILLAIRE","WARD 6"," "
"Pothole","Contracts, Field Services & Maintenance","Phone","MAR 09, 2020 09:44:12 AM"," ","MONTROSE ST & OUELLETTE AVE","WARD 3"," "
"Pothole","Contracts, Field Services & Maintenance","Web Intake","MAR 09, 2020 03:43:41 PM"," "," ","WARD 10"," "
"Pothole","Contracts, Field Services & Maintenance","Web Intake","MAR 09, 2020 03:44:36 PM"," "," ","WARD 10"," "
"Pothole","Contracts, Field Services & Maintenance","Web Intake","MAR 09, 2020 03:45:26 PM"," "," ","WARD 10"," "
"Pothole","Contracts, Field Services & Maintenance","Phone","MAR 10, 2020 10:41:52 AM"," ","TECUMSEH RD E & LAUZON PKY","WARD 8"," "
"Pothole","Contracts, Field Services & Maintenance","E-Mail","MAR 10, 2020 10:44:12 AM","9##","FELIX","WARD 2"," "
"Pothole","Contracts, Field Services & Maintenance","Phone","MAR 10, 2020 12:24:37 PM"," ","WYANDOTTE ST W & HURON CHURCH RD","WARD 2"," "
"Pothole","Contracts, Field Services & Maintenance","Phone","JAN 06, 2020 08:23:10 AM","9##","ALBERT","WARD 5"," "
"Pothole","Contracts, Field Services & Maintenance","E-Mail","JAN 06, 2020 11:28:18 AM","3##","INDIAN","WARD 2"," "
"Pothole","Contracts, Field Services & Maintenance","E-Mail","JAN 06, 2020 11:30:29 AM"," ","INDIAN RD & PETER ST","WARD 2"," "
"Pothole","Contracts, Field Services & Maintenance","Phone","JAN 06, 2020 01:36:20 PM","78##","CEDARVIEW","WARD 6"," "
"Pothole","Contracts, Field Services & Maintenance","E-Mail","FEB 24, 2020 09:41:51 AM"," ","LAUZON PKY & EC ROW OFF RAMP E","WARD 9"," "
"Pothole","Contracts, Field Services & Maintenance","E-Mail","FEB 12, 2020 02:32:03 PM"," ","WATKINS ST & SANDWICH ST","WARD 2"," "
"Pothole","Contracts, Field Services & Maintenance","Phone","FEB 18, 2020 12:18:52 PM","38##","HOWARD","WARD 9"," "
"Pothole","Contracts, Field Services & Maintenance","Phone","JAN 15, 2020 12:20:10 PM","8##","ELLROSE","WARD 5"," "
"Pothole","Contracts, Field Services & Maintenance","Phone","JAN 15, 2020 04:01:50 PM","38##","PETER","WARD 2"," "
"Pothole","Contracts, Field Services & Maintenance","Phone","JAN 15, 2020 04:43:05 PM","19##","JEFFERSON","WARD 8"," "
"Pothole","Contracts, Field Services & Maintenance","Phone","JAN 13, 2020 11:25:38 AM"," ","NORTH TALBOT RD & HOWARD AVE","WARD 1"," "
"Pothole","Contracts, Field Services & Maintenance","Phone","JAN 13, 2020 11:48:28 AM"," ","NORTH TALBOT RD & HOWARD AVE","WARD 1"," "
"Pothole","Contracts, Field Services & Maintenance","Phone","MAR 27, 2020 03:30:05 PM","3##","LINCOLN","WARD 4"," "
"Pothole","Contracts, Field Services & Maintenance","Phone","JAN 10, 2020 09:21:37 AM"," ","FOSTER AVE & WALKER RD","WARD 9"," "
"Pothole","Contracts, Field Services & Maintenance","Phone","JAN 13, 2020 08:23:48 AM"," ","TECUMSEH RD E & HOWARD AVE","WARD 3"," "
"Pothole","Contracts, Field Services & Maintenance","Phone","JAN 13, 2020 09:55:19 AM","14##","YPRES","WARD 4"," "
"Pothole","Contracts, Field Services & Maintenance","Phone","FEB 18, 2020 03:12:37 PM","34##","SANDWICH","WARD 2"," "
"Pothole","Contracts, Field Services & Maintenance","Text","FEB 14, 2020 10:08:08 AM"," ","DOMINION BLVD & GRAND MARAIS RD W","WARD 10"," "
"Pothole","Contracts, Field Services & Maintenance","E-Mail","FEB 14, 2020 10:16:03 AM","9888##","EC ROW ON","WARD 8"," "
"Pothole","Contracts, Field Services & Maintenance","Phone","JAN 13, 2020 12:53:33 PM"," ","NORTH TALBOT RD & HOWARD AVE","WARD 1"," "
"Pothole","Contracts, Field Services & Maintenance","Phone","JAN 16, 2020 08:11:30 AM"," ","NORTH TALBOT RD & HOWARD AVE","WARD 1"," "
"Pothole","Contracts, Field Services & Maintenance","E-Mail","MAY 11, 2020 02:44:57 PM"," ","BROCK ST & SANDWICH ST","WARD 2"," "
"Pothole","Contracts, Field Services & Maintenance","E-Mail","MAY 11, 2020 02:45:47 PM"," ","COLLEGE AVE & FELIX AVE","WARD 2"," "
"Pothole","Contracts, Field Services & Maintenance","E-Mail","MAY 11, 2020 02:51:59 PM","7##","PRINCE","WARD 2"," "
"Pothole","Contracts, Field Services & Maintenance","E-Mail","MAY 11, 2020 02:53:11 PM"," ","SOUTH ST & RUSSELL ST","WARD 2"," "
"Pothole","Contracts, Field Services & Maintenance","Phone","MAY 05, 2020 12:21:47 PM"," ","EC ROW EXPY E & DOMINION BLVD","WARD 10"," "
"Pothole","Contracts, Field Services & Maintenance","Phone","MAY 08, 2020 09:13:47 AM"," ","OTTAWA ST & LINCOLN RD","WARD 4"," "
"Pothole","Contracts, Field Services & Maintenance","Phone","MAY 01, 2020 09:34:39 AM","22##","CLOVER","WARD 7"," "
"Pothole","Contracts, Field Services & Maintenance","Phone","MAY 01, 2020 09:34:43 AM"," ","CLOVER AVE & MCHUGH ST","WARD 7"," "
"Pothole","Contracts, Field Services & Maintenance","E-Mail","MAY 01, 2020 10:16:14 AM"," ","STRABANE AVE & WYANDOTTE ST E","WARD 5"," "
"Pothole","Contracts, Field Services & Maintenance","Phone","MAY 01, 2020 11:42:36 AM","95##","RIVERSIDE","WARD 7"," "
"Pothole","Contracts, Field Services & Maintenance","Phone","MAY 01, 2020 12:18:10 PM","31##","EVERTS","WARD 1"," "
"Pothole","Contracts, Field Services & Maintenance","Phone","MAY 01, 2020 02:47:28 PM"," ","OUELLETTE AVE & SHEPHERD ST W","WARD 3"," "
"Pothole","Contracts, Field Services & Maintenance","Phone","MAY 01, 2020 02:47:33 PM"," ","OUELLETTE AVE & SHEPHERD ST E","WARD 3"," "
"Pothole","Contracts, Field Services & Maintenance","Phone","MAY 01, 2020 03:56:13 PM"," ","OUELLETTE AVE & HANNA ST E","WARD 3"," "
"Pothole","Contracts, Field Services & Maintenance","Web Intake","MAY 04, 2020 09:01:12 AM"," "," ","WARD 7"," "
"Pothole","Contracts, Field Services & Maintenance","Phone","MAY 04, 2020 10:18:24 AM","7##","GRAND MARAIS","WARD 10"," "
"Pothole","Contracts, Field Services & Maintenance","Phone","JAN 16, 2020 04:25:59 PM","8##","HURON CHURCH","WARD 2"," "
"Pothole","Contracts, Field Services & Maintenance","Phone","JAN 22, 2020 09:10:01 AM"," ","GILES BLVD E & PARENT AVE","WARD 4"," "
"Pothole","Contracts, Field Services & Maintenance","Phone","JAN 22, 2020 09:50:41 AM"," ","YPRES AVE & TURNER RD","WARD 4"," "
"Pothole","Contracts, Field Services & Maintenance","E-Mail","JAN 22, 2020 10:54:30 AM","38##","PETER","WARD 2"," "
"Pothole","Contracts, Field Services & Maintenance","Phone","JAN 13, 2020 11:39:01 AM"," ","ONTARIO ST & ESDRAS AVE","WARD 6"," "
"Pothole","Contracts, Field Services & Maintenance","Web Intake","JAN 13, 2020 12:58:09 PM"," "," ","WARD 10"," "
"Pothole","Contracts, Field Services & Maintenance","Web Intake","JAN 13, 2020 12:59:14 PM"," "," ","WARD 10"," "
"Pothole","Contracts, Field Services & Maintenance","Web Intake","JAN 13, 2020 01:00:35 PM"," "," ","WARD 10"," "
"Pothole","Contracts, Field Services & Maintenance","Web Intake","JAN 13, 2020 01:02:56 PM"," "," ","WARD 10"," "
"Pothole","Contracts, Field Services & Maintenance","E-Mail","JAN 13, 2020 01:10:05 PM"," ","UNIVERSITY AVE W & MCEWAN AVE","WARD 2"," "
"Pothole","Contracts, Field Services & Maintenance","Phone","JAN 13, 2020 01:12:18 PM"," ","MCHUGH ST & FLORENCE AVE","WARD 7"," "
"Pothole","Contracts, Field Services & Maintenance","Phone","JAN 13, 2020 04:31:33 PM","8##","GRAND MARAIS","WARD 10"," "
"Pothole","Contracts, Field Services & Maintenance","Phone","JAN 13, 2020 04:33:35 PM","5##","GRAND MARAIS","WARD 1"," "
"Pothole","Contracts, Field Services & Maintenance","Phone","JAN 13, 2020 04:35:45 PM"," ","DOMINION BLVD & LABELLE ST","WARD 10"," "
"Pothole","Contracts, Field Services & Maintenance","Phone","JAN 13, 2020 09:54:11 AM","43##","HOWARD","WARD 1"," "
"Pothole","Contracts, Field Services & Maintenance","Phone","FEB 18, 2020 09:01:42 AM","9222##","EC ROW OFF","WARD 10"," "
"Pothole","Contracts, Field Services & Maintenance","Phone","FEB 11, 2020 10:39:20 AM"," ","GOYEAU ST & ERIE ST E","WARD 3"," "
"Pothole","Contracts, Field Services & Maintenance","Phone","FEB 12, 2020 08:19:35 AM"," ","WOODLAWN AVE & EC ROW AVE E","WARD 9"," "
"Pothole","Contracts, Field Services & Maintenance","Phone","FEB 12, 2020 09:10:34 AM"," ","RANDOLPH PL & RIVERSIDE DR W","WARD 2"," "
"Pothole","Contracts, Field Services & Maintenance","Phone","FEB 12, 2020 09:11:28 AM"," ","ASKIN AVE & UNIVERSITY AVE W","WARD 2"," "
"Pothole","Contracts, Field Services & Maintenance","E-Mail","FEB 12, 2020 12:12:58 PM"," ","YPRES AVE & WOODLAWN AVE","WARD 4"," "
"Pothole","Contracts, Field Services & Maintenance","Phone","FEB 12, 2020 01:15:07 PM"," ","TRANBY AVE & VIRGINIA AVE","WARD 6"," "
"Pothole","Contracts, Field Services & Maintenance","Phone","FEB 12, 2020 08:46:31 AM"," ","WOODLAWN AVE & EC ROW AVE E","WARD 9"," "
"Pothole","Contracts, Field Services & Maintenance","Phone","FEB 12, 2020 08:50:58 AM"," ","WOODLAWN AVE & EC ROW AVE E","WARD 9"," "
"Pothole","Contracts, Field Services & Maintenance","Phone","JAN 28, 2020 10:00:30 AM"," ","CAMPBELL AVE & PELLETIER ST","WARD 2"," "
"Pothole","Contracts, Field Services & Maintenance","Web Intake","APR 23, 2020 01:47:38 PM"," "," ","WARD 8"," "
"Pothole","Contracts, Field Services & Maintenance","Phone","APR 27, 2020 02:20:11 PM"," ","RADISSON AVE & NORFOLK ST","WARD 1"," "
"Pothole","Contracts, Field Services & Maintenance","Phone","APR 29, 2020 12:29:41 PM","11##","GARDEN COURT","WARD 6"," "
"Pothole","Contracts, Field Services & Maintenance","Phone","MAY 08, 2020 09:59:19 AM"," ","PELLETIER ST & PARTINGTON AVE","WARD 2"," "
"Pothole","Contracts, Field Services & Maintenance","Phone","JAN 02, 2020 04:20:24 PM","5##","ELINOR","WARD 7"," "
"Pothole","Contracts, Field Services & Maintenance","Phone","JAN 06, 2020 10:06:21 AM"," ","LAUZON LINE & LAUZON PKY","WARD 6"," "
"Pothole","Contracts, Field Services & Maintenance","E-Mail","JAN 06, 2020 02:13:29 PM"," ","MILL ST & RUSSELL ST","WARD 2"," "
"Pothole","Contracts, Field Services & Maintenance","Phone","JAN 06, 2020 03:55:42 PM"," ","MENARD ST & ISACK DR","WARD 6"," "
"Pothole","Contracts, Field Services & Maintenance","E-Mail","JAN 22, 2020 10:55:50 AM","38##","PETER","WARD 2"," "
"Pothole","Contracts, Field Services & Maintenance","Phone","JAN 22, 2020 10:57:30 AM","38##","PETER","WARD 2"," "
"Pothole","Contracts, Field Services & Maintenance","E-Mail","JAN 22, 2020 10:58:27 AM","38##","PETER","WARD 2"," "
"Pothole","Contracts, Field Services & Maintenance","Phone","FEB 19, 2020 10:12:09 AM"," ","LANGLOIS AVE & OTTAWA ST","WARD 4"," "
"Pothole","Contracts, Field Services & Maintenance","Phone","FEB 19, 2020 01:46:34 PM"," ","MARENTETTE AVE & SYDNEY AVE","WARD 9"," "
"Pothole","Contracts, Field Services & Maintenance","Phone","FEB 21, 2020 09:39:59 AM"," ","WALKER RD & LEDYARD AVE","WARD 9"," "
"Pothole","Contracts, Field Services & Maintenance","Phone","FEB 24, 2020 09:21:20 AM","16##","YPRES","WARD 4"," "
"Pothole","Contracts, Field Services & Maintenance","Phone","FEB 18, 2020 01:53:21 PM","16##","CHAPPUS","WARD 1"," "
"Pothole","Contracts, Field Services & Maintenance","Phone","FEB 24, 2020 09:23:14 AM","11##","YPRES","WARD 4"," "
"Pothole","Contracts, Field Services & Maintenance","E-Mail","FEB 24, 2020 11:24:44 AM"," ","SANDWICH ST & SOUTH ST","WARD 2"," "
"Pothole","Contracts, Field Services & Maintenance","Phone","FEB 24, 2020 01:22:36 PM","16##","YPRES","WARD 4"," "
"Pothole","Contracts, Field Services & Maintenance","Web Intake","FEB 25, 2020 01:49:00 PM"," "," ","WARD 10"," "
"Pothole","Contracts, Field Services & Maintenance","Web Intake","MAY 05, 2020 08:39:17 AM"," "," ","WARD 9"," "
"Pothole","Contracts, Field Services & Maintenance","Web Intake","FEB 25, 2020 01:49:41 PM"," "," ","WARD 10"," "
"Pothole","Contracts, Field Services & Maintenance","Phone","FEB 26, 2020 10:36:38 AM"," ","SEVILLE AVE & MULBERRY DR","WARD 7"," "
"Pothole","Contracts, Field Services & Maintenance","E-Mail","FEB 27, 2020 03:46:47 PM","38##","MATCHETTE","WARD 2"," "
"Pothole","Contracts, Field Services & Maintenance","Phone","FEB 28, 2020 03:51:49 PM","19##","BERNARD","WARD 5"," "
"Pothole","Contracts, Field Services & Maintenance","Phone","MAR 02, 2020 08:35:12 AM","31##","CLEMENCEAU","WARD 8"," "
"Pothole","Contracts, Field Services & Maintenance","Phone","MAR 02, 2020 11:15:17 AM","71##","TECUMSEH","WARD 8"," "
"Pothole","Contracts, Field Services & Maintenance","Phone","MAR 02, 2020 11:22:20 AM","1##","CAMERON","WARD 2"," "
"Pothole","Contracts, Field Services & Maintenance","Phone","MAR 02, 2020 11:24:37 AM","117##","RIVERSIDE","WARD 7"," "
"Pothole","Contracts, Field Services & Maintenance","Phone","MAR 02, 2020 01:14:23 PM"," ","ONTARIO ST & LAURENDEAU AVE","WARD 5"," "
"Pothole","Contracts, Field Services & Maintenance","Phone","MAR 02, 2020 01:30:04 PM","27##","CENTRAL","WARD 5"," "
"Pothole","Contracts, Field Services & Maintenance","Phone","MAR 02, 2020 01:36:26 PM"," ","TECUMSEH RD E & LAUZON PKY","WARD 8"," "
"Pothole","Contracts, Field Services & Maintenance","Phone","MAR 02, 2020 03:44:03 PM","71##","TECUMSEH","WARD 8"," "
"Pothole","Contracts, Field Services & Maintenance","Phone","MAR 02, 2020 08:52:43 AM","19##","BERNARD","WARD 5"," "
"Pothole","Contracts, Field Services & Maintenance","Phone","MAR 02, 2020 04:51:05 PM","9666##","EC ROW OFF","WARD 10"," "
"Pothole","Contracts, Field Services & Maintenance","Phone","MAY 05, 2020 10:18:55 AM","17##","EVERTS","WARD 10"," "
"Pothole","Contracts, Field Services & Maintenance","Phone","MAY 05, 2020 11:54:31 AM","38##","WOODWARD","WARD 9"," "
"Pothole","Contracts, Field Services & Maintenance","Phone","MAY 05, 2020 12:24:50 PM"," ","GLADSTONE AVE & VIMY AVE","WARD 4"," "
"Pothole","Contracts, Field Services & Maintenance","Phone","MAY 05, 2020 12:27:02 PM","22##","GLADSTONE","WARD 4"," "
"Pothole","Contracts, Field Services & Maintenance","Phone","MAR 13, 2020 02:36:50 PM","6##","CAPITOL","WARD 10"," "
"Pothole","Contracts, Field Services & Maintenance","Phone","MAR 13, 2020 02:38:36 PM"," ","PARK","WARD 3"," "
"Pothole","Contracts, Field Services & Maintenance","Phone","MAR 16, 2020 10:15:13 AM","6##","CAMERON","WARD 2"," "
"Pothole","Contracts, Field Services & Maintenance","Phone","MAR 16, 2020 12:21:44 PM"," ","WALKER RD & TECUMSEH RD E","WARD 4"," "
"Pothole","Contracts, Field Services & Maintenance","E-Mail","MAR 17, 2020 09:21:48 AM","4##","PARENT","WARD 4"," "
"Pothole","Contracts, Field Services & Maintenance","Phone","MAR 04, 2020 01:45:16 PM","52##","42","WARD 9"," "
"Pothole","Contracts, Field Services & Maintenance","Web Intake","FEB 01, 2020 09:41:47 AM"," "," ","WARD 10"," "
"Pothole","Contracts, Field Services & Maintenance","Phone","FEB 03, 2020 09:30:04 AM"," ","LABELLE ST & DOMINION BLVD","WARD 10"," "
"Pothole","Contracts, Field Services & Maintenance","Phone","FEB 03, 2020 03:02:30 PM","17##","CENTRAL","WARD 5"," "
"Pothole","Contracts, Field Services & Maintenance","Phone","FEB 03, 2020 03:13:19 PM"," ","CALIFORNIA AVE & RIVERSIDE DR W","WARD 2"," "
"Pothole","Contracts, Field Services & Maintenance","Phone","FEB 03, 2020 04:50:03 PM","39##","BYNG","WARD 9"," "
"Pothole","Contracts, Field Services & Maintenance","Phone","FEB 03, 2020 04:50:12 PM","36##","BYNG","WARD 9"," "
"Pothole","Contracts, Field Services & Maintenance","Phone","APR 07, 2020 10:33:48 AM","45##","HOWARD","WARD 1"," "
"Pothole","Contracts, Field Services & Maintenance","E-Mail","APR 14, 2020 03:55:08 PM"," ","BANWELL RD & EC ROW AVE E","WARD 9"," "
"Pothole","Contracts, Field Services & Maintenance","Phone","APR 20, 2020 12:46:19 PM","40##","TECUMSEH","WARD 5"," "
"Pothole","Contracts, Field Services & Maintenance","E-Mail","MAY 13, 2020 11:04:07 AM"," ","CHEWETT ST & RUSSELL ST","WARD 2"," "
"Pothole","Contracts, Field Services & Maintenance","E-Mail","MAY 11, 2020 02:47:17 PM"," ","CARMICHAEL RD & PRINCE RD","WARD 2"," "
"Pothole","Contracts, Field Services & Maintenance","E-Mail","JAN 07, 2020 09:59:36 AM"," ","COLLEGE AVE & HURON CHURCH RD","WARD 2"," "
"Pothole","Contracts, Field Services & Maintenance","Phone","JAN 10, 2020 03:36:53 PM"," ","OJIBWAY ST & DOMINION BLVD","WARD 10"," "
"Pothole","Contracts, Field Services & Maintenance","Phone","JAN 13, 2020 08:06:56 AM","23##","TECUMSEH","WARD 5"," "
"Pothole","Contracts, Field Services & Maintenance","Phone","JAN 13, 2020 08:23:44 AM"," ","TECUMSEH RD E & WALKER RD","WARD 4"," "
"Pothole","Contracts, Field Services & Maintenance","Phone","JAN 13, 2020 03:18:46 PM"," ","MCKAY AVE & RIVERSIDE DR W","WARD 2"," "
"Pothole","Contracts, Field Services & Maintenance","Phone","JAN 13, 2020 11:06:24 AM"," ","TECUMSEH RD E & WALKER RD","WARD 4"," "
"Pothole","Contracts, Field Services & Maintenance","Phone","JAN 13, 2020 01:40:23 PM"," ","TECUMSEH RD E & WALKER RD","WARD 4"," "
"Pothole","Contracts, Field Services & Maintenance","Phone","JAN 13, 2020 09:01:40 AM"," ","NORTH TALBOT RD & HOWARD AVE","WARD 1"," "
"Pothole","Contracts, Field Services & Maintenance","Phone","JAN 13, 2020 09:34:57 AM"," ","HOWARD AVE & NEAL BLVD","WARD 1"," "
"Pothole","Contracts, Field Services & Maintenance","Phone","JAN 13, 2020 09:50:13 AM"," ","NORTH TALBOT RD & HOWARD AVE","WARD 1"," "
"Pothole","Contracts, Field Services & Maintenance","E-Mail","FEB 12, 2020 02:27:02 PM"," ","PETER ST & SOUTH ST","WARD 2"," "
"Pothole","Contracts, Field Services & Maintenance","Phone","FEB 12, 2020 04:22:18 PM"," ","CASGRAIN DR & CABANA RD W","WARD 1"," "
"Pothole","Contracts, Field Services & Maintenance","E-Mail","FEB 13, 2020 11:57:51 AM","7##","BROCK","WARD 2"," "
"Pothole","Contracts, Field Services & Maintenance","E-Mail","FEB 13, 2020 11:57:58 AM","37##","PETER","WARD 2"," "
"Pothole","Contracts, Field Services & Maintenance","E-Mail","FEB 13, 2020 11:58:48 AM","37##","PETER","WARD 2"," "
"Pothole","Contracts, Field Services & Maintenance","E-Mail","FEB 13, 2020 11:59:33 AM","38##","PETER","WARD 2"," "
"Pothole","Contracts, Field Services & Maintenance","E-Mail","FEB 13, 2020 12:00:32 PM","38##","PETER","WARD 2"," "
"Pothole","Contracts, Field Services & Maintenance","E-Mail","FEB 13, 2020 12:01:18 PM"," ","PETER ST & PRINCE RD","WARD 2"," "
"Pothole","Contracts, Field Services & Maintenance","Phone","FEB 13, 2020 02:50:23 PM","7##","JOSEPHINE","WARD 2"," "
"Pothole","Contracts, Field Services & Maintenance","Phone","FEB 14, 2020 10:22:05 AM"," ","FOCH AVE & HIGHLAND AVE","WARD 3"," "
"Pothole","Contracts, Field Services & Maintenance","Phone","FEB 18, 2020 09:04:15 AM"," ","WYANDOTTE ST W & PATRICIA RD","WARD 2"," "
"Pothole","Contracts, Field Services & Maintenance","Phone","FEB 18, 2020 09:05:30 AM"," ","WYANDOTTE ST W & HURON CHURCH RD","WARD 2"," "
"Pothole","Contracts, Field Services & Maintenance","Phone","FEB 18, 2020 09:09:42 AM"," ","DOMINION BLVD & LABELLE ST","WARD 10"," "
"Pothole","Contracts, Field Services & Maintenance","Phone","FEB 18, 2020 09:47:36 AM","15##","AUBIN","WARD 5"," "
"Pothole","Contracts, Field Services & Maintenance","Phone","FEB 18, 2020 09:01:26 AM","9222##","EC ROW OFF","WARD 7"," "
"Pothole","Contracts, Field Services & Maintenance","Phone","MAY 05, 2020 02:10:02 PM"," ","LINCOLN RD & ONTARIO ST","WARD 4"," "
"Pothole","Contracts, Field Services & Maintenance","Phone","MAY 06, 2020 03:30:11 PM","32##","PARKWOOD","WARD 9"," "
"Pothole","Contracts, Field Services & Maintenance","Phone","JAN 02, 2020 12:16:14 PM","10##","MCEWAN","WARD 2"," "
"Pothole","Contracts, Field Services & Maintenance","Phone","JAN 02, 2020 01:17:44 PM"," ","CHURCH ST & PINE ST","WARD 3"," "
"Pothole","Contracts, Field Services & Maintenance","Phone","JAN 03, 2020 09:00:55 AM","58##","WYANDOTTE","WARD 6"," "
"Pothole","Contracts, Field Services & Maintenance","Phone","JAN 03, 2020 09:41:17 AM"," ","UNIVERSITY AVE W & ELM AVE","WARD 3"," "
"Pothole","Contracts, Field Services & Maintenance","Phone","JAN 03, 2020 01:18:47 PM","12##","CABANA","WARD 1"," "
"Pothole","Contracts, Field Services & Maintenance","Phone","JAN 03, 2020 01:49:42 PM"," ","EDGAR ST & REEDMERE RD","WARD 6"," "
"Pothole","Contracts, Field Services & Maintenance","Phone","JAN 08, 2020 04:04:48 PM"," ","ELLIS ST E & HALL AVE","WARD 4"," "
"Pothole","Contracts, Field Services & Maintenance","Phone","JAN 09, 2020 08:25:30 AM","24##","WALKER","WARD 4"," "
"Pothole","Contracts, Field Services & Maintenance","Phone","JAN 07, 2020 01:44:24 PM"," ","UNIVERSITY AVE W & MCKAY AVE","WARD 2"," "
"Pothole","Contracts, Field Services & Maintenance","Phone","JAN 07, 2020 02:11:05 PM"," ","TECUMSEH RD E & FOREST GLADE DR","WARD 7"," "
"Pothole","Contracts, Field Services & Maintenance","Phone","MAY 04, 2020 11:52:39 AM","24##","WESTMINSTER","WARD 8"," "
"Pothole","Contracts, Field Services & Maintenance","Phone","MAY 04, 2020 11:54:10 AM"," ","OLIVE RD & SOUTH NATIONAL ST","WARD 8"," "
"Pothole","Contracts, Field Services & Maintenance","Phone","JAN 27, 2020 09:59:31 AM"," ","ONTARIO ST & REEDMERE RD","WARD 6"," "
"Pothole","Contracts, Field Services & Maintenance","E-Mail","JAN 27, 2020 11:06:06 AM","34##","PETER","WARD 2"," "
"Pothole","Contracts, Field Services & Maintenance","E-Mail","JAN 27, 2020 11:06:11 AM","34##","PETER","WARD 2"," "
"Pothole","Contracts, Field Services & Maintenance","E-Mail","JAN 27, 2020 11:06:41 AM","4##","CHIPPAWA","WARD 2"," "
"Pothole","Contracts, Field Services & Maintenance","E-Mail","JAN 27, 2020 11:46:25 AM"," ","BROCK ST & SANDWICH ST","WARD 2"," "
"Pothole","Contracts, Field Services & Maintenance","E-Mail","JAN 27, 2020 11:56:07 AM"," ","RIVERSIDE DR W & MCKAY AVE","WARD 2"," "
"Pothole","Contracts, Field Services & Maintenance","Phone","JAN 27, 2020 12:25:57 PM","5##","RIVERDALE","WARD 6"," "
"Pothole","Contracts, Field Services & Maintenance","Phone","JAN 27, 2020 04:14:06 PM"," ","SOMME AVE & CHANDLER RD","WARD 5"," "
"Pothole","Contracts, Field Services & Maintenance","Phone","FEB 18, 2020 02:21:22 PM","9222##","EC ROW OFF","WARD 10"," "
"Pothole","Contracts, Field Services & Maintenance","E-Mail","MAR 03, 2020 11:38:40 AM"," ","CARMICHAEL RD & PRINCE RD","WARD 2"," "
"Pothole","Contracts, Field Services & Maintenance","Phone","MAR 04, 2020 09:26:48 AM","37##","NORTH SERVICE","WARD 5"," "
"Pothole","Contracts, Field Services & Maintenance","Phone","MAR 04, 2020 12:26:23 PM"," ","NORFOLK ST & ACADEMY DR","WARD 1"," "
"Pothole","Contracts, Field Services & Maintenance","Phone","MAR 04, 2020 02:19:06 PM"," ","CATARAQUI ST & WALKER RD","WARD 4"," "
"Pothole","Contracts, Field Services & Maintenance","Phone","MAR 05, 2020 09:07:17 AM","37##","NORTH SERVICE","WARD 5"," "
"Pothole","Contracts, Field Services & Maintenance","Phone","MAR 05, 2020 11:11:08 AM","9##","PARENT","WARD 4"," "
"Pothole","Contracts, Field Services & Maintenance","E-Mail","MAR 05, 2020 11:34:34 AM"," ","ATKINSON ST & REMINGTON AVE","WARD 10"," "
"Pothole","Contracts, Field Services & Maintenance","Phone","MAR 05, 2020 12:16:42 PM"," ","PARENT AVE & ERIE ST E","WARD 4"," "
"Pothole","Contracts, Field Services & Maintenance","Web Intake","MAR 05, 2020 02:06:08 PM"," "," ","WARD 1"," "
"Pothole","Contracts, Field Services & Maintenance","Phone","MAR 05, 2020 02:10:28 PM","9##","PARENT","WARD 4"," "
"Pothole","Contracts, Field Services & Maintenance","Phone","MAR 05, 2020 02:37:35 PM","32##","BRUCE","WARD 1"," "
"Pothole","Contracts, Field Services & Maintenance","Web Intake","MAR 06, 2020 07:58:03 AM"," "," ","WARD 10"," "
"Pothole","Contracts, Field Services & Maintenance","Phone","JAN 30, 2020 02:55:08 PM","12##","LANGLOIS","WARD 4"," "
"Pothole","Contracts, Field Services & Maintenance","Phone","JAN 30, 2020 12:53:41 PM"," ","LAUZON PKY & HAWTHORNE DR","WARD 8"," "
"Pothole","Contracts, Field Services & Maintenance","Phone","FEB 18, 2020 02:20:24 PM","9222##","EC ROW OFF","WARD 7"," "
"Pothole","Contracts, Field Services & Maintenance","Phone","MAR 02, 2020 09:08:31 AM"," ","TECUMSEH MALL ACCESS & LAUZON PKY","WARD 8"," "
"Pothole","Contracts, Field Services & Maintenance","E-Mail","MAR 02, 2020 10:16:36 AM"," ","EC ROW OFF RAMP W & DOUGALL AVE","WARD 10"," "
"Pothole","Contracts, Field Services & Maintenance","Web Intake","MAR 06, 2020 07:58:45 AM"," "," ","WARD 10"," "
"Pothole","Contracts, Field Services & Maintenance","Phone","MAR 06, 2020 09:14:00 AM","12##","LAURENDEAU","WARD 5"," "
"Pothole","Contracts, Field Services & Maintenance","Phone","MAR 06, 2020 11:21:43 AM","37##","NORTH SERVICE","WARD 5"," "
"Pothole","Contracts, Field Services & Maintenance","Phone","MAR 06, 2020 12:50:18 PM","37##","NORTH SERVICE","WARD 5"," "
"Pothole","Contracts, Field Services & Maintenance","Phone","MAR 05, 2020 02:47:35 PM","32##","BRUCE","WARD 1"," "
"Pothole","Contracts, Field Services & Maintenance","Phone","MAY 22, 2020 09:35:37 AM"," ","LINCOLN RD & OTTAWA ST","WARD 4"," "
"Pothole","Contracts, Field Services & Maintenance","Phone","MAY 22, 2020 08:32:43 AM"," ","STRABANE AVE & WYANDOTTE ST E","WARD 5"," "
"Pothole","Contracts, Field Services & Maintenance","Phone","APR 07, 2020 11:42:23 AM"," ","LILLIAN AVE & EDINBOROUGH ST","WARD 10"," "
"Pothole","Contracts, Field Services & Maintenance","Phone","APR 08, 2020 12:10:31 PM","15##","NIAGARA","WARD 4"," "
"Pothole","Contracts, Field Services & Maintenance","Phone","APR 08, 2020 12:58:53 PM"," ","NIAGARA ST & LINCOLN RD","WARD 4"," "
"Pothole","Contracts, Field Services & Maintenance","Phone","APR 08, 2020 03:11:44 PM","27##","ALEXIS","WARD 5"," "
"Pothole","Contracts, Field Services & Maintenance","Web Intake","APR 26, 2020 06:27:51 AM"," "," ","WARD 10"," "
"Pothole","Contracts, Field Services & Maintenance","Phone","APR 09, 2020 02:34:07 PM"," ","LAUZON RD & COUNTY RD 42","WARD 9"," "
"Pothole","Contracts, Field Services & Maintenance","Phone","APR 23, 2020 02:59:30 PM"," ","ERSKINE ST & STRABANE AVE","WARD 5"," "
"Pothole","Contracts, Field Services & Maintenance","Phone","JAN 20, 2020 03:31:29 PM"," ","HOWARD AVE & EDINBOROUGH ST","WARD 10"," "
"Pothole","Contracts, Field Services & Maintenance","Web Intake","JAN 20, 2020 06:50:08 PM"," "," ","WARD 10"," "
"Pothole","Contracts, Field Services & Maintenance","Phone","JAN 21, 2020 11:03:11 AM","31##","RADISSON","WARD 1"," "
"Pothole","Contracts, Field Services & Maintenance","E-Mail","MAR 27, 2020 09:40:33 AM"," ","REGINALD ST & GLENDALE AVE","WARD 8"," "
"Pothole","Contracts, Field Services & Maintenance","Phone","APR 01, 2020 08:35:15 AM"," ","CENTRAL AVE & SEMINOLE ST","WARD 5"," "
"Pothole","Contracts, Field Services & Maintenance","Phone","APR 09, 2020 12:47:54 PM","9888##","EC ROW ON","WARD 10"," "
"Pothole","Contracts, Field Services & Maintenance","Phone","JAN 17, 2020 01:04:17 PM"," ","GLENWOOD AVE & LIBERTY ST","WARD 1"," "
"Pothole","Contracts, Field Services & Maintenance","Phone","JAN 20, 2020 09:12:14 AM"," ","LAUZON LINE & LAUZON PKY","WARD 6"," "
"Pothole","Contracts, Field Services & Maintenance","Phone","JAN 20, 2020 12:24:43 PM"," ","NEAL BLVD & HOWARD AVE","WARD 1"," "
"Pothole","Contracts, Field Services & Maintenance","Phone","MAR 04, 2020 10:34:41 AM","5##","JARVIS","WARD 7"," "
"Pothole","Contracts, Field Services & Maintenance","Web Intake","MAR 04, 2020 01:13:34 PM"," "," ","WARD 10"," "
"Pothole","Contracts, Field Services & Maintenance","Web Intake","MAR 04, 2020 01:14:15 PM"," "," ","WARD 10"," "
"Pothole","Contracts, Field Services & Maintenance","Phone","MAR 04, 2020 01:39:24 PM"," ","ERSKINE ST & STRABANE AVE","WARD 5"," "
"Pothole","Contracts, Field Services & Maintenance","Phone","JAN 24, 2020 08:48:07 AM"," ","DOUGALL AVE & TECUMSEH RD W","WARD 3"," "
"Pothole","Contracts, Field Services & Maintenance","Phone","JAN 24, 2020 01:33:38 PM","42##","HOWARD","WARD 1"," "
"Pothole","Contracts, Field Services & Maintenance","Phone","JAN 24, 2020 02:09:50 PM"," ","HOWARD AVE & NEAL BLVD","WARD 1"," "
"Pothole","Contracts, Field Services & Maintenance","Phone","JAN 24, 2020 02:24:52 PM"," ","NORFOLK ST & VIRGINIA PARK AVE","WARD 1"," "
"Pothole","Contracts, Field Services & Maintenance","Phone","JAN 24, 2020 02:26:34 PM"," ","NORFOLK ST & DOMINION BLVD","WARD 1"," "
"Pothole","Contracts, Field Services & Maintenance","Phone","JAN 24, 2020 04:42:45 PM","43##","HOWARD","WARD 1"," "
"Pothole","Contracts, Field Services & Maintenance","Phone","JAN 24, 2020 02:22:50 PM"," ","HOWARD AVE & NEAL BLVD","WARD 1"," "
"Pothole","Contracts, Field Services & Maintenance","Phone","JAN 24, 2020 04:59:03 PM"," ","HOWARD AVE & NEAL BLVD","WARD 1"," "
"Pothole","Contracts, Field Services & Maintenance","E-Mail","MAR 05, 2020 01:50:19 PM","9666##","EC ROW OFF","WARD 10"," "
"Pothole","Contracts, Field Services & Maintenance","Phone","MAR 05, 2020 02:38:01 PM"," ","SPRUCEWOOD AVE & MARIGOLD DR","WARD 1"," "
"Pothole","Contracts, Field Services & Maintenance","E-Mail","FEB 10, 2020 11:41:19 AM","9666##","EC ROW OFF","WARD 9"," "
"Pothole","Contracts, Field Services & Maintenance","E-Mail","FEB 19, 2020 11:39:22 AM","9666##","EC ROW OFF","WARD 9"," "
"Pothole","Contracts, Field Services & Maintenance","Phone","MAR 02, 2020 03:07:26 PM","17##","CADILLAC","WARD 5"," "
"Pothole","Contracts, Field Services & Maintenance","Phone","MAR 03, 2020 04:16:53 PM"," ","RIBERDY RD & AIRPORT RD","WARD 9"," "
"Pothole","Contracts, Field Services & Maintenance","E-Mail","MAR 05, 2020 12:43:28 PM","9222##","EC ROW OFF","WARD 10"," "
"Pothole","Contracts, Field Services & Maintenance","Phone","APR 03, 2020 08:36:15 AM"," ","CATARAQUI ST & CHILVER RD","WARD 4"," "
"Pothole","Contracts, Field Services & Maintenance","Phone","FEB 06, 2020 12:54:13 PM"," ","BROADWAY ST & MATCHETTE RD","WARD 1"," "
"Pothole","Contracts, Field Services & Maintenance","Phone","FEB 06, 2020 04:24:14 PM"," ","SOUTH ST & BLOOMFIELD RD","WARD 2"," "
"Pothole","Contracts, Field Services & Maintenance","Phone","FEB 10, 2020 08:47:03 AM","30##","WOODLAWN","WARD 9"," "
"Pothole","Contracts, Field Services & Maintenance","Web Intake","FEB 10, 2020 02:06:26 PM"," "," ","WARD 1"," "
"Pothole","Contracts, Field Services & Maintenance","Web Intake","FEB 10, 2020 02:08:43 PM"," "," ","WARD 1"," "
"Pothole","Contracts, Field Services & Maintenance","Web Intake","FEB 10, 2020 02:14:19 PM"," "," ","WARD 1"," "
"Pothole","Contracts, Field Services & Maintenance","Web Intake","FEB 10, 2020 02:23:20 PM"," "," ","WARD 10"," "
"Pothole","Contracts, Field Services & Maintenance","E-Mail","FEB 04, 2020 11:08:34 AM","18##","LAMBTON","WARD 1"," "
"Pothole","Contracts, Field Services & Maintenance","Phone","FEB 04, 2020 04:11:56 PM","27##","HOWARD","WARD 10"," "
"Pothole","Contracts, Field Services & Maintenance","Phone","FEB 05, 2020 08:10:34 AM"," ","BYNG RD & SYDNEY AVE","WARD 9"," "
"Pothole","Contracts, Field Services & Maintenance","Phone","FEB 05, 2020 10:48:41 AM"," ","REGINALD ST & PILLETTE RD","WARD 5"," "
"Pothole","Contracts, Field Services & Maintenance","Phone","FEB 05, 2020 03:02:22 PM","33##","CHURCH","WARD 1"," "
"Pothole","Contracts, Field Services & Maintenance","Phone","FEB 05, 2020 03:06:25 PM"," ","GLENWOOD AVE & LIBERTY ST","WARD 1"," "
"Pothole","Contracts, Field Services & Maintenance","E-Mail","FEB 05, 2020 03:29:28 PM","7##","BROCK","WARD 2"," "
"Pothole","Contracts, Field Services & Maintenance","E-Mail","FEB 05, 2020 03:30:48 PM","33##","BLOOMFIELD","WARD 2"," "
"Pothole","Contracts, Field Services & Maintenance","E-Mail","FEB 05, 2020 03:31:56 PM"," ","BLOOMFIELD RD & CHIPPAWA ST","WARD 2"," "
"Pothole","Contracts, Field Services & Maintenance","E-Mail","FEB 05, 2020 03:33:23 PM"," ","WATKINS ST & SANDWICH ST","WARD 2"," "
"Pothole","Contracts, Field Services & Maintenance","Phone","FEB 06, 2020 12:54:39 PM","32##","BRUCE","WARD 1"," "
"Pothole","Contracts, Field Services & Maintenance","Phone","FEB 07, 2020 03:18:46 PM"," ","REGINALD ST & PILLETTE RD","WARD 5"," "
"Pothole","Contracts, Field Services & Maintenance","Phone","FEB 07, 2020 03:24:34 PM","31##","DANDURAND","WARD 1"," "
"Pothole","Contracts, Field Services & Maintenance","Phone","FEB 10, 2020 08:24:18 AM","9##","RHOLAINE","WARD 6"," "
"Pothole","Contracts, Field Services & Maintenance","Phone","FEB 10, 2020 10:45:10 AM","8##","LAUZON","WARD 6"," "
"Pothole","Contracts, Field Services & Maintenance","E-Mail","FEB 10, 2020 11:45:11 AM"," ","RIVERSIDE DR E & JEFFERSON BLVD","WARD 6"," "
"Pothole","Contracts, Field Services & Maintenance","Phone","FEB 10, 2020 12:41:45 PM"," ","HURON CHURCH RD & PATRICIA RD","WARD 2"," "
"Pothole","Contracts, Field Services & Maintenance","Web Intake","FEB 10, 2020 02:25:52 PM"," "," ","WARD 10"," "
"Pothole","Contracts, Field Services & Maintenance","Web Intake","FEB 10, 2020 02:28:58 PM"," "," ","WARD 10"," "
"Pothole","Contracts, Field Services & Maintenance","Phone","FEB 10, 2020 02:34:19 PM"," ","CAMPBELL AVE & WYANDOTTE ST W","WARD 2"," "
"Pothole","Contracts, Field Services & Maintenance","Phone","FEB 11, 2020 01:20:56 PM"," ","TRANBY AVE & ISABELLE PL","WARD 6"," "
"Pothole","Contracts, Field Services & Maintenance","Phone","FEB 11, 2020 02:34:56 PM","34##","BLOOMFIELD","WARD 2"," "
"Pothole","Contracts, Field Services & Maintenance","Phone","FEB 10, 2020 02:30:22 PM"," ","UNIVERSITY AVE W & MCKAY AVE","WARD 2"," "
"Pothole","Contracts, Field Services & Maintenance","Phone","FEB 10, 2020 03:36:23 PM"," ","ONTARIO ST & VILLAIRE AVE","WARD 6"," "
"Pothole","Contracts, Field Services & Maintenance","Phone","FEB 10, 2020 04:18:52 PM","70##","WYANDOTTE","WARD 6"," "
"Pothole","Contracts, Field Services & Maintenance","Phone","FEB 10, 2020 04:38:12 PM"," ","CATARAQUI ST & LINCOLN RD","WARD 4"," "
"Pothole","Contracts, Field Services & Maintenance","Phone","FEB 10, 2020 04:44:56 PM"," ","HOWARD AVE & MAGUIRE ST","WARD 9"," "
"Pothole","Contracts, Field Services & Maintenance","Phone","FEB 11, 2020 08:29:54 AM"," ","ONTARIO ST & PRADO PL","WARD 6"," "
"Pothole","Contracts, Field Services & Maintenance","Phone","FEB 10, 2020 12:43:53 PM","8##","LAUZON","WARD 6"," "
"Pothole","Contracts, Field Services & Maintenance","Phone","FEB 20, 2020 12:38:30 PM","30##","MORRIS","WARD 1"," "
"Pothole","Contracts, Field Services & Maintenance","Phone","FEB 20, 2020 12:51:26 PM"," ","HIGHLAND AVE & ERIE ST E","WARD 3"," "
"Pothole","Contracts, Field Services & Maintenance","Phone","FEB 20, 2020 03:06:17 PM","32##","EDISON","WARD 2"," "
"Pothole","Contracts, Field Services & Maintenance","Phone","FEB 20, 2020 04:25:44 PM","12##","BELLEPERCHE","WARD 6"," "
"Pothole","Contracts, Field Services & Maintenance","Phone","MAR 02, 2020 08:06:02 AM","71##","TECUMSEH","WARD 8"," "
"Pothole","Contracts, Field Services & Maintenance","Phone","MAR 02, 2020 08:08:32 AM"," ","TECUMSEH RD E & LAUZON RD","WARD 8"," "
"Pothole","Contracts, Field Services & Maintenance","Phone","MAR 02, 2020 08:15:11 AM"," ","TECUMSEH RD E & LAUZON RD","WARD 8"," "
"Pothole","Contracts, Field Services & Maintenance","Phone","MAR 02, 2020 08:29:06 AM"," ","TECUMSEH RD E & LAUZON PKY","WARD 8"," "
"Pothole","Contracts, Field Services & Maintenance","Phone","MAR 02, 2020 08:40:21 AM"," ","LAUZON PKY & TECUMSEH RD E","WARD 8"," "
"Pothole","Contracts, Field Services & Maintenance","Phone","MAR 02, 2020 09:35:40 AM"," ","TECUMSEH RD E & LAUZON PKY","WARD 8"," "
"Pothole","Contracts, Field Services & Maintenance","Phone","MAR 23, 2020 02:37:58 PM"," ","ST LUKE RD & REGINALD ST","WARD 5"," "
"Pothole","Contracts, Field Services & Maintenance","Phone","MAR 23, 2020 03:06:10 PM","45##","OJIBWAY","WARD 2"," "
"Pothole","Contracts, Field Services & Maintenance","Phone","MAR 02, 2020 10:04:40 AM","71##","TECUMSEH","WARD 8"," "
"Pothole","Contracts, Field Services & Maintenance","E-Mail","MAR 02, 2020 01:17:55 PM","3##","WATKINS","WARD 2"," "
"Pothole","Contracts, Field Services & Maintenance","E-Mail","MAR 02, 2020 01:36:39 PM"," ","LIBERTY ST & DOUGALL AVE","WARD 9"," "
"Pothole","Contracts, Field Services & Maintenance","Phone","MAR 02, 2020 03:13:11 PM","21##","CONTINENTAL","WARD 2"," "
"Pothole","Contracts, Field Services & Maintenance","E-Mail","MAR 03, 2020 09:16:12 AM"," ","COLLEGE AVE & HURON CHURCH RD","WARD 2"," "
"Pothole","Contracts, Field Services & Maintenance","Phone","FEB 27, 2020 12:02:56 PM"," ","CLAIRVIEW AVE & LAUZON RD","WARD 6"," "
"Pothole","Contracts, Field Services & Maintenance","Phone","FEB 27, 2020 02:50:35 PM","2##","VICTORIA","WARD 3"," "
"Pothole","Contracts, Field Services & Maintenance","Phone","MAR 03, 2020 12:02:22 PM"," ","CHURCH ST & NORFOLK ST","WARD 1"," "
"Pothole","Contracts, Field Services & Maintenance","Phone","MAR 03, 2020 01:44:12 PM","34##","PARKWOOD","WARD 9"," "
"Pothole","Contracts, Field Services & Maintenance","Phone","MAR 03, 2020 01:48:10 PM","17##","FACTORIA","WARD 5"," "
"Pothole","Contracts, Field Services & Maintenance","Phone","MAR 03, 2020 03:43:02 PM"," ","CHURCH ST & LIBERTY ST","WARD 1"," "
"Pothole","Contracts, Field Services & Maintenance","Phone","MAR 03, 2020 03:46:20 PM"," ","CHURCH ST & NOTTINGHAM ST","WARD 1"," "
"Pothole","Contracts, Field Services & Maintenance","Phone","MAR 03, 2020 03:49:58 PM"," ","LIBERTY ST & CHURCH ST","WARD 1"," "
"Pothole","Contracts, Field Services & Maintenance","Phone","MAR 03, 2020 05:04:51 PM","16##","PROVINCIAL","WARD 9"," "
"Pothole","Contracts, Field Services & Maintenance","Phone","MAR 02, 2020 10:05:42 AM"," ","TECUMSEH RD E & LAUZON PKY","WARD 8"," "
"Pothole","Contracts, Field Services & Maintenance","E-Mail","MAR 02, 2020 10:35:51 AM"," ","TECUMSEH RD E & LAUZON PKY","WARD 8"," "
"Pothole","Contracts, Field Services & Maintenance","Phone","MAR 02, 2020 01:59:29 PM"," ","LAUZON PKY & TECUMSEH RD E","WARD 8"," "
"Pothole","Contracts, Field Services & Maintenance","Phone","MAR 02, 2020 02:21:51 PM"," ","TECUMSEH RD E & LAUZON PKY","WARD 8"," "
"Pothole","Contracts, Field Services & Maintenance","Phone","MAR 03, 2020 03:31:24 PM"," ","LAUZON PKY & TECUMSEH RD E","WARD 8"," "
"Pothole","Contracts, Field Services & Maintenance","Web Intake","APR 22, 2020 10:16:16 AM"," "," ","WARD 5"," "
"Pothole","Contracts, Field Services & Maintenance","Phone","APR 23, 2020 09:01:21 AM","30##","MORRIS","WARD 1"," "
"Pothole","Contracts, Field Services & Maintenance","Phone","JAN 15, 2020 03:22:56 PM","33##","BANWELL","WARD 7"," "
"Pothole","Contracts, Field Services & Maintenance","Phone","JAN 17, 2020 01:45:34 PM","978##","RHODES","WARD 9"," "
"Pothole","Contracts, Field Services & Maintenance","Phone","FEB 20, 2020 10:25:34 AM"," ","FELIX AVE & MARLBOROUGH BLVD","WARD 2"," "
"Pothole","Contracts, Field Services & Maintenance","Phone","FEB 18, 2020 09:03:01 AM"," ","EC ROW EXPY E & DOMINION BLVD","WARD 10"," "
"Pothole","Contracts, Field Services & Maintenance","E-Mail","MAR 02, 2020 11:19:48 AM","9222##","EC ROW OFF","WARD 10"," "
"Pothole","Contracts, Field Services & Maintenance","Web Intake","MAR 03, 2020 01:22:42 PM"," "," ","WARD 5"," "
"Pothole","Contracts, Field Services & Maintenance","Phone","MAR 03, 2020 03:52:26 PM"," ","CHRYSLER CENTRE & GRAND MARAIS RD E","WARD 5"," "
"Pothole","Contracts, Field Services & Maintenance","Phone","MAR 03, 2020 04:18:10 PM"," ","CENTRAL AVE & GUY ST","WARD 5"," "
"Pothole","Contracts, Field Services & Maintenance","Phone","MAR 03, 2020 04:23:13 PM"," ","CENTRAL AVE & ALICE ST","WARD 5"," "
"Pothole","Contracts, Field Services & Maintenance","Phone","MAY 05, 2020 09:43:51 AM"," ","ELLIS ST W & JANETTE AVE","WARD 3"," "
"Pothole","Contracts, Field Services & Maintenance","Phone","MAY 05, 2020 03:11:32 PM","24##","WESTMINSTER","WARD 8"," "
"Pothole","Contracts, Field Services & Maintenance","Phone","MAY 07, 2020 11:39:58 AM","55##","RHODES","WARD 9"," "
"Pothole","Contracts, Field Services & Maintenance","Phone","APR 09, 2020 10:50:37 AM"," ","LENS AVE & WOODLAWN AVE","WARD 4"," "
"Pothole","Contracts, Field Services & Maintenance","Phone","JAN 30, 2020 08:02:25 AM","18##","GEORGE","WARD 5"," "
"Pothole","Contracts, Field Services & Maintenance","Web Intake","JAN 30, 2020 08:38:49 AM"," "," ","WARD 5"," "
"Pothole","Contracts, Field Services & Maintenance","Phone","JAN 30, 2020 12:14:51 PM"," ","WEST GRAND BLVD & WOODLAND AVE","WARD 1"," "
"Pothole","Contracts, Field Services & Maintenance","E-Mail","JAN 30, 2020 02:28:36 PM","3##","WATKINS","WARD 2"," "
"Pothole","Contracts, Field Services & Maintenance","E-Mail","JAN 30, 2020 02:28:45 PM","3##","WATKINS","WARD 2"," "
"Pothole","Contracts, Field Services & Maintenance","Phone","JAN 30, 2020 03:14:28 PM"," ","PILLETTE RD & GRAND MARAIS RD E","WARD 5"," "
"Pothole","Contracts, Field Services & Maintenance","Phone","FEB 05, 2020 08:15:54 AM"," ","HOWARD AVE & NEAL BLVD","WARD 1"," "
"Pothole","Contracts, Field Services & Maintenance","Phone","FEB 05, 2020 11:30:22 AM"," ","RIVERSIDE DR E & LOUIS AVE","WARD 4"," "
"Pothole","Contracts, Field Services & Maintenance","Phone","FEB 05, 2020 01:06:55 PM","6##","RIVERSIDE","WARD 4"," "
"Pothole","Contracts, Field Services & Maintenance","Phone","FEB 05, 2020 04:56:56 PM"," ","LABELLE ST & LONGFELLOW AVE","WARD 10"," "
"Pothole","Contracts, Field Services & Maintenance","Phone","FEB 04, 2020 11:06:02 AM"," ","ALEXIS RD & VIMY AVE","WARD 5"," "
"Pothole","Contracts, Field Services & Maintenance","Phone","FEB 04, 2020 11:42:51 AM","4##","MATTHEW BRADY","WARD 6"," "
"Pothole","Contracts, Field Services & Maintenance","Phone","FEB 05, 2020 04:57:58 PM"," ","LABELLE ST & ALEXANDRA AVE","WARD 10"," "
"Pothole","Contracts, Field Services & Maintenance","Phone","FEB 05, 2020 04:58:47 PM"," ","LABELLE ST & DANDURAND AVE","WARD 10"," "
"Pothole","Contracts, Field Services & Maintenance","Phone","FEB 05, 2020 04:58:55 PM"," ","LABELLE ST & DOMINION BLVD","WARD 10"," "
"Pothole","Contracts, Field Services & Maintenance","Phone","FEB 06, 2020 09:15:50 AM","9222##","EC ROW OFF","WARD 10"," "
"Pothole","Contracts, Field Services & Maintenance","Phone","FEB 06, 2020 11:46:24 AM"," ","CABANA RD W & DOUGALL AVE","WARD 9"," "
"Pothole","Contracts, Field Services & Maintenance","Phone","FEB 06, 2020 11:46:28 AM"," ","NORFOLK ST & DOMINION BLVD","WARD 1"," "
"Pothole","Contracts, Field Services & Maintenance","Phone","FEB 06, 2020 11:47:35 AM"," ","NORFOLK ST & BRUCE AVE","WARD 1"," "
"Pothole","Contracts, Field Services & Maintenance","Phone","FEB 04, 2020 01:04:45 PM","16##","CHAPPUS","WARD 1"," "
"Pothole","Contracts, Field Services & Maintenance","Phone","FEB 14, 2020 08:12:23 AM","3##","RANDOLPH","WARD 2"," "
"Pothole","Contracts, Field Services & Maintenance","Phone","FEB 18, 2020 01:27:56 PM","16##","ST LUKE","WARD 5"," "
"Pothole","Contracts, Field Services & Maintenance","Phone","MAR 24, 2020 03:52:17 PM","29##","ELSMERE","WARD 10"," "
"Pothole","Contracts, Field Services & Maintenance","Phone","MAR 25, 2020 12:37:34 PM"," ","CABANA RD W & ASKIN AVE","WARD 1"," "
"Pothole","Contracts, Field Services & Maintenance","Phone","MAR 25, 2020 03:37:08 PM"," ","EC ROW EXPY E & DOMINION BLVD","WARD 10"," "
"Pothole","Contracts, Field Services & Maintenance","Phone","MAR 26, 2020 02:31:13 PM"," ","DOMINION BLVD & GRAND MARAIS RD W","WARD 10"," "
"Pothole","Contracts, Field Services & Maintenance","Phone","MAR 06, 2020 11:47:25 AM"," ","BANWELL RD & EC ROW EXPY W","WARD 7"," "
"Pothole","Contracts, Field Services & Maintenance","Phone","MAR 09, 2020 02:15:00 PM"," ","LITTLE RIVER BLVD & CLOVER AVE","WARD 7"," "
"Pothole","Contracts, Field Services & Maintenance","Web Intake","APR 14, 2020 12:59:10 PM"," "," ","WARD 3"," "
"Pothole","Contracts, Field Services & Maintenance","Phone","APR 15, 2020 08:38:56 AM"," ","LENS AVE & PARKWOOD AVE","WARD 4"," "
"Pothole","Contracts, Field Services & Maintenance","Phone","APR 15, 2020 10:33:39 AM","30##","CHURCH","WARD 1"," "
"Pothole","Contracts, Field Services & Maintenance","Phone","APR 16, 2020 09:16:51 AM","14##","WINDSOR","WARD 3"," "
"Pothole","Contracts, Field Services & Maintenance","Phone","APR 16, 2020 02:54:59 PM"," ","GOYEAU ST & UNIVERSITY AVE E","WARD 3"," "
"Pothole","Contracts, Field Services & Maintenance","Web Intake","APR 19, 2020 11:48:35 AM"," "," ","WARD 7"," "
"Pothole","Contracts, Field Services & Maintenance","Phone","JAN 30, 2020 12:16:54 PM","9666##","EC ROW OFF","WARD 10"," "
"Pothole","Contracts, Field Services & Maintenance","Phone","MAR 05, 2020 09:20:20 AM"," ","HURON CHURCH RD & COLLEGE AVE","WARD 2"," "
"Pothole","Contracts, Field Services & Maintenance","E-Mail","MAR 10, 2020 10:46:38 AM","3##","BROCK","WARD 2"," "
"Pothole","Contracts, Field Services & Maintenance","Phone","MAR 10, 2020 10:32:36 AM","16##","HICKORY","WARD 5"," "
"Pothole","Contracts, Field Services & Maintenance","Phone","MAR 11, 2020 03:33:25 PM","32##","ACADEMY","WARD 1"," "
"Pothole","Contracts, Field Services & Maintenance","Phone","MAR 11, 2020 03:33:32 PM","32##","ACADEMY","WARD 1"," "
"Pothole","Contracts, Field Services & Maintenance","Phone","MAR 12, 2020 09:13:51 AM","12##","CAMPBELL","WARD 2"," "
"Pothole","Contracts, Field Services & Maintenance","Phone","MAR 12, 2020 11:08:39 AM","32##","PARKWOOD","WARD 9"," "
"Pothole","Contracts, Field Services & Maintenance","Phone","MAR 12, 2020 11:50:34 AM"," ","CEDARVIEW ST & MATTHEW BRADY BLVD","WARD 6"," "
"Pothole","Contracts, Field Services & Maintenance","Web Intake","MAR 12, 2020 10:02:39 PM"," "," ","WARD 10"," "
"Pothole","Contracts, Field Services & Maintenance","Phone","APR 14, 2020 10:24:44 AM","15##","YORK","WARD 3"," "
"Pothole","Contracts, Field Services & Maintenance","Phone","APR 14, 2020 01:58:33 PM"," ","YORK ST & TECUMSEH RD W","WARD 3"," "
"Pothole","Contracts, Field Services & Maintenance","Web Intake","FEB 08, 2020 03:59:01 PM"," "," ","WARD 10"," "
"Pothole","Contracts, Field Services & Maintenance","Web Intake","FEB 08, 2020 04:00:00 PM"," "," ","WARD 10"," "
"Pothole","Contracts, Field Services & Maintenance","Web Intake","FEB 08, 2020 04:00:52 PM"," "," ","WARD 10"," "
"Pothole","Contracts, Field Services & Maintenance","Web Intake","FEB 08, 2020 04:01:53 PM"," "," ","WARD 10"," "
"Pothole","Contracts, Field Services & Maintenance","Phone","FEB 18, 2020 03:49:42 PM"," ","WAVERLY ST & LANGLOIS CRT","WARD 10"," "
"Pothole","Contracts, Field Services & Maintenance","Phone","FEB 19, 2020 09:12:29 AM","11##","CHURCH","WARD 3"," "
"Pothole","Contracts, Field Services & Maintenance","Phone","FEB 19, 2020 09:22:42 AM","6##","EDINBOROUGH","WARD 10"," "
"Pothole","Contracts, Field Services & Maintenance","Phone","FEB 19, 2020 10:18:28 AM","15##","CHANDLER","WARD 5"," "
"Pothole","Contracts, Field Services & Maintenance","Phone","MAR 10, 2020 01:50:50 PM","9##","PILLETTE","WARD 5"," "
"Pothole","Contracts, Field Services & Maintenance","Phone","MAR 10, 2020 03:45:30 PM","18##","CENTRAL","WARD 5"," "
"Pothole","Contracts, Field Services & Maintenance","Phone","MAR 10, 2020 04:20:30 PM"," ","CENTRAL AVE & ALICE ST","WARD 5"," "
"Pothole","Contracts, Field Services & Maintenance","Phone","MAR 11, 2020 08:09:39 AM"," ","WYANDOTTE ST W & HURON CHURCH RD","WARD 2"," "
"Pothole","Contracts, Field Services & Maintenance","Phone","MAR 11, 2020 10:58:47 AM","31##","BYNG","WARD 9"," "
"Pothole","Contracts, Field Services & Maintenance","E-Mail","MAR 11, 2020 09:39:17 AM"," ","ALICE ST & CENTRAL AVE","WARD 5"," "
"Pothole","Contracts, Field Services & Maintenance","Phone","JAN 27, 2020 10:21:44 AM"," ","HOWARD AVE & NEAL BLVD","WARD 1"," "
"Pothole","Contracts, Field Services & Maintenance","Phone","JAN 27, 2020 11:08:17 AM"," ","COLLEGE AVE & HURON CHURCH RD","WARD 2"," "
"Pothole","Contracts, Field Services & Maintenance","Phone","JAN 27, 2020 11:15:39 AM"," ","NORTH TALBOT RD & HOWARD AVE","WARD 1"," "
"Pothole","Contracts, Field Services & Maintenance","Web Intake","JAN 27, 2020 03:49:42 PM"," "," ","WARD 10"," "
"Pothole","Contracts, Field Services & Maintenance","Phone","JAN 27, 2020 04:01:35 PM","3##","BARTLET","WARD 1"," "
"Pothole","Contracts, Field Services & Maintenance","Phone","JAN 28, 2020 09:21:16 AM","19##","LENS","WARD 4"," "
"Pothole","Contracts, Field Services & Maintenance","Phone","JAN 28, 2020 10:42:50 AM","9666##","EC ROW OFF","WARD 10"," "
"Pothole","Contracts, Field Services & Maintenance","Text","JAN 28, 2020 01:03:55 PM"," ","PELLETIER ST & RANKIN AVE","WARD 2"," "
"Pothole","Contracts, Field Services & Maintenance","Phone","JAN 28, 2020 01:10:01 PM"," ","BERNARD RD & GRAND MARAIS RD E","WARD 5"," "
"Pothole","Contracts, Field Services & Maintenance","Phone","JAN 28, 2020 01:25:04 PM","14##","LAUZON","WARD 6"," "
"Pothole","Contracts, Field Services & Maintenance","Phone","JAN 28, 2020 02:36:27 PM","23##","DANDURAND","WARD 10"," "
"Pothole","Contracts, Field Services & Maintenance","Phone","JAN 28, 2020 02:36:40 PM"," ","NORTHWOOD ST & ACADEMY DR","WARD 10"," "
"Pothole","Contracts, Field Services & Maintenance","Phone","JAN 28, 2020 04:54:09 PM"," ","LAUZON PKY & LAUZON LINE","WARD 6"," "
"Pothole","Contracts, Field Services & Maintenance","Phone","JAN 27, 2020 11:14:46 AM"," ","HOWARD AVE & NEAL BLVD","WARD 1"," "
"Pothole","Contracts, Field Services & Maintenance","Phone","JAN 27, 2020 04:57:41 PM"," ","HOWARD AVE & NEAL BLVD","WARD 1"," "
"Pothole","Contracts, Field Services & Maintenance","Web Intake","FEB 19, 2020 10:54:30 AM"," "," ","WARD 10"," "
"Pothole","Contracts, Field Services & Maintenance","Web Intake","FEB 19, 2020 10:55:26 AM"," "," ","WARD 10"," "
"Pothole","Contracts, Field Services & Maintenance","Text","FEB 19, 2020 11:29:59 AM"," ","DOMINION BLVD & GRAND MARAIS RD W","WARD 10"," "
"Pothole","Contracts, Field Services & Maintenance","Phone","MAY 15, 2020 12:42:11 PM","35##","MULFORD","WARD 2"," "
"Pothole","Contracts, Field Services & Maintenance","E-Mail","MAY 19, 2020 08:50:17 AM"," ","UNIVERSITY AVE W & SALTER AVE","WARD 3"," "
"Pothole","Contracts, Field Services & Maintenance","Phone","MAY 12, 2020 01:45:11 PM"," ","TECUMSEH RD E & HOWARD AVE","WARD 3"," "
"Pothole","Contracts, Field Services & Maintenance","Phone","MAY 20, 2020 11:52:23 AM","5##","WAHKETA","WARD 3"," "
"Pothole","Contracts, Field Services & Maintenance","E-Mail","MAY 21, 2020 08:43:55 AM"," ","TECUMSEH RD W & MCKAY AVE","WARD 10"," "
"Pothole","Contracts, Field Services & Maintenance","E-Mail","MAY 21, 2020 08:46:23 AM"," ","HURON CHURCH RD & TECUMSEH RD W","WARD 10"," "
"Pothole","Contracts, Field Services & Maintenance","Phone","MAY 21, 2020 10:58:22 AM","5##","ELINOR","WARD 7"," "
"Pothole","Contracts, Field Services & Maintenance","Phone","MAY 21, 2020 01:27:26 PM"," ","EDGAR ST & GARDEN COURT DR","WARD 6"," "
"Pothole","Contracts, Field Services & Maintenance","Phone","MAY 25, 2020 01:08:24 PM","107##","CLAIRVIEW","WARD 7"," "
"Pothole","Contracts, Field Services & Maintenance","Phone","MAY 25, 2020 02:35:45 PM","15##","YORK","WARD 3"," "
"Pothole","Contracts, Field Services & Maintenance","E-Mail","MAY 25, 2020 02:39:09 PM"," ","BROCK ST & EDISON ST","WARD 2"," "
"Pothole","Contracts, Field Services & Maintenance","E-Mail","MAY 25, 2020 02:40:09 PM","7##","BROCK","WARD 2"," "
"Pothole","Contracts, Field Services & Maintenance","E-Mail","MAY 25, 2020 02:41:02 PM","33##","BLOOMFIELD","WARD 2"," "
"Pothole","Contracts, Field Services & Maintenance","E-Mail","MAY 25, 2020 02:41:55 PM","33##","BLOOMFIELD","WARD 2"," "
"Pothole","Contracts, Field Services & Maintenance","E-Mail","MAY 25, 2020 10:09:04 AM"," ","MOY AVE & RIVERSIDE DR E","WARD 4"," "
"Pothole","Contracts, Field Services & Maintenance","E-Mail","MAY 25, 2020 10:12:36 AM"," ","HANNA ST W & YORK ST","WARD 3"," "
"Pothole","Contracts, Field Services & Maintenance","Phone","MAY 25, 2020 10:50:54 AM","20##","IROQUOIS","WARD 4"," "
"Pothole","Contracts, Field Services & Maintenance","E-Mail","MAY 25, 2020 02:42:51 PM","33##","BLOOMFIELD","WARD 2"," "
"Pothole","Contracts, Field Services & Maintenance","E-Mail","MAY 25, 2020 02:43:42 PM","34##","BLOOMFIELD","WARD 2"," "
"Pothole","Contracts, Field Services & Maintenance","E-Mail","MAY 25, 2020 02:44:39 PM","34##","BLOOMFIELD","WARD 2"," "
"Pothole","Contracts, Field Services & Maintenance","Phone","MAY 25, 2020 03:47:53 PM"," ","WALKER RD & DIVISION RD","WARD 9"," "
"Pothole","Contracts, Field Services & Maintenance","Phone","MAY 14, 2020 01:57:41 PM","105##","KEATING","WARD 7"," "
"Pothole","Contracts, Field Services & Maintenance","Phone","MAY 19, 2020 11:39:36 AM"," ","WALKER RD & LAPPAN AVE","WARD 9"," "
"Pothole","Contracts, Field Services & Maintenance","Phone","MAY 20, 2020 08:14:10 AM"," ","VIMY AVE & GLADSTONE AVE","WARD 4"," "
"Pothole","Contracts, Field Services & Maintenance","Phone","MAY 20, 2020 12:00:40 PM","30##","WOODLAWN","WARD 9"," "
